Goles en el partido,Crónica,Fecha,Local,goles_local,Otros,goles_visitante,id_partido,resultado_local
13.0,1,2007-08-08,Pesca,5.0,Custodios,8.0,2007-08-08,P
15.0,2,2007-08-15,Pesca,10.0,Custodios,5.0,2007-08-15,G
13.0,3,2007-08-22,Pesca,3.0,Custodios,10.0,2007-08-22,P
18.0,4,2007-08-29,Pesca,12.0,Custodios,6.0,2007-08-29,G
19.0,5,2007-09-05,Pesca,9.0,Custodios,10.0,2007-09-05,P
8.0,6,2007-09-12,Pesca,4.0,Custodios,4.0,2007-09-12,E
10.0,7,2007-09-19,Pesca,6.0,Custodios,4.0,2007-09-19,G
15.0,8,2007-09-26,Pesca,8.0,Custodios,7.0,2007-09-26,G
10.0,9,2007-10-03,Pesca,6.0,Custodios,4.0,2007-10-03,G
15.0,10,2007-10-10,Pesca,8.0,Custodios,7.0,2007-10-10,G
26.0,11,2007-10-17,Pesca,11.0,Custodios,15.0,2007-10-17,P
25.0,12,2007-10-24,Pesca,16.0,Custodios,9.0,2007-10-24,G
15.0,13,2007-10-31,Pesca,8.0,Custodios,7.0,2007-10-31,G
14.0,14,2007-11-07,Pesca,7.0,Custodios,7.0,2007-11-07,E
23.0,15,2007-11-14,Pesca,14.0,Custodios,9.0,2007-11-14,G
17.0,16,2007-11-21,Pesca,11.0,Custodios,6.0,2007-11-21,G
14.0,17,2007-11-28,Pesca,6.0,Custodios,8.0,2007-11-28,P
13.0,18,2007-12-05,Pesca,3.0,Custodios,10.0,2007-12-05,P
12.0,19,2007-12-12,Pesca,5.0,Custodios,7.0,2007-12-12,P
15.0,20,2007-12-19,Pesca,7.0,Custodios,8.0,2007-12-19,P
25.0,21,2007-12-26,Pesca,13.0,Custodios,12.0,2007-12-26,G
26.0,22,2008-02-20,Pesca,13.0,Dealers,13.0,2008-02-20,E
23.0,23,2008-02-27,Pesca,13.0,Dealers,10.0,2008-02-27,G
15.0,24,2008-03-05,Pesca,8.0,Dealers,7.0,2008-03-05,G
30.0,25,2008-03-12,Pesca,12.0,Dealers,18.0,2008-03-12,P
15.0,26,2008-03-26,Pesca,9.0,Dealers,6.0,2008-03-26,G
11.0,27,2008-04-02,Pesca,9.0,Dealers,2.0,2008-04-02,G
9.0,28,2008-04-09,Pesca,4.0,Dealers,5.0,2008-04-09,P
14.0,29,2008-04-16,Pesca,8.0,Dealers,6.0,2008-04-16,G
13.0,30,2008-04-23,Pesca,8.0,Dealers,5.0,2008-04-23,G
23.0,31,2008-04-30,Pesca,9.0,Dealers,14.0,2008-04-30,P
10.0,32,2008-05-07,Pesca,4.0,Dealers,6.0,2008-05-07,P
13.0,33,2008-05-14,Pesca,6.0,Dealers,7.0,2008-05-14,P
13.0,34,2008-05-21,Pesca,9.0,Dealers,4.0,2008-05-21,G
16.0,35,2008-05-28,Pesca,7.0,Dealers,9.0,2008-05-28,P
9.0,36,2008-06-04,Pesca,5.0,Dealers,4.0,2008-06-04,G
19.0,37,2008-06-11,Pesca,8.0,Dealers,11.0,2008-06-11,P
22.0,38,2008-06-18,Pesca,12.0,Dealers,10.0,2008-06-18,G
10.0,39,2008-06-25,Pesca,5.0,Dealers,5.0,2008-06-25,E
18.0,40,2008-07-02,Pesca,7.0,Dealers,11.0,2008-07-02,P
12.0,41,2008-07-09,Pesca,3.0,Dealers,9.0,2008-07-09,P
10.0,42,2008-07-16,Pesca,5.0,Dealers,5.0,2008-07-16,E
6.0,43,2008-07-23,Pesca,2.0,Dealers,4.0,2008-07-23,P
21.0,44,2008-07-30,Pesca,8.0,Dealers,13.0,2008-07-30,P
20.0,45,2008-08-06,Pesca,10.0,Dealers,10.0,2008-08-06,E
12.0,46,2008-08-13,Pesca,6.0,Dealers,6.0,2008-08-13,E
13.0,47,2008-08-20,Pesca,8.0,Dealers,5.0,2008-08-20,G
24.0,48,2008-08-27,Pesca,13.0,Dealers,11.0,2008-08-27,G
18.0,49,2008-09-03,Pesca,8.0,Dealers,10.0,2008-09-03,P
11.0,50,2008-09-10,Pesca,9.0,Dealers,2.0,2008-09-10,G
12.0,51,2008-09-17,Pesca,10.0,Dealers,2.0,2008-09-17,G
14.0,52,2008-09-24,Pesca,5.0,Dealers,9.0,2008-09-24,P
8.0,53,2008-10-01,Pesca,5.0,Dealers,3.0,2008-10-01,G
14.0,54,2008-10-08,Pesca,6.0,Dealers,8.0,2008-10-08,P
22.0,55,2008-10-15,Pesca,10.0,Dealers,12.0,2008-10-15,P
12.0,56,2008-10-22,Pesca,7.0,Dealers,5.0,2008-10-22,G
9.0,57,2008-10-29,Pesca,5.0,Dealers,4.0,2008-10-29,G
23.0,58,2008-11-05,Pesca,9.0,Dealers,14.0,2008-11-05,P
14.0,59,2008-11-12,Pesca,7.0,Dealers,7.0,2008-11-12,E
14.0,60,2008-11-19,Pesca,10.0,Dealers,4.0,2008-11-19,G
26.0,61,2008-11-26,Pesca,14.0,Dealers,12.0,2008-11-26,G
0.0,62,2008-12-01,PARTIDO FALLIDO SOLO FUIMOS 5,,,,2008-12-01,E
10.0,63,2008-12-10,Pesca,3.0,Dealers,7.0,2008-12-10,P
16.0,64,2008-12-17,Pesca,10.0,Dealers,6.0,2008-12-17,G
16.0,65,2008-12-22,Pesca,7.0,Dealers,9.0,2008-12-22,P
18.0,66,2008-12-29,Pesca,12.0,Dealers,6.0,2008-12-29,G
18.0,67,2009-02-11,Pesca,8.0,Dealers,10.0,2009-02-11,P
25.0,68,2009-02-18,Pesca,17.0,Dealers,8.0,2009-02-18,G
25.0,69,2009-02-25,Pesca,9.0,Dealers,16.0,2009-02-25,P
10.0,70,2009-03-04,Pesca,5.0,Dealers,5.0,2009-03-04,E
18.0,71,2009-03-11,Pesca,9.0,Dealers,9.0,2009-03-11,E
11.0,72,2009-03-18,Pesca,5.0,Dealers,6.0,2009-03-18,P
20.0,73,2009-03-25,Pesca,9.0,Dealers,11.0,2009-03-25,P
12.0,74,2009-04-01,Pesca,7.0,Dealers,5.0,2009-04-01,G
35.0,75,2009-04-08,Pesca,13.0,Dealers,22.0,2009-04-08,P
19.0,76,2009-04-15,Pesca,8.0,Dealers,11.0,2009-04-15,P
0.0,77,2009-04-22,PARTIDO FALLIDO SOLO FUIMOS 6,,,,2009-04-22,E
16.0,78,2009-04-29,Pesca,7.0,Dealers,9.0,2009-04-29,P
20.0,79,2009-05-20,Pesca,9.0,Dealers,11.0,2009-05-20,P
24.0,80,2009-06-10,Pesca,12.0,Dealers,12.0,2009-06-10,E
31.0,81,2009-06-17,Pesca,17.0,Dealers,14.0,2009-06-17,G
0.0,82,2009-06-24,PARTIDO FALLIDO SOLO FUIMOS 6,,,,2009-06-24,E
10.0,83,2009-07-08,Pesca,4.0,Dealers,6.0,2009-07-08,P
24.0,84,2009-07-29,Pesca,13.0,Dealers,11.0,2009-07-29,G
22.0,85,2009-08-05,Pesca,12.0,Dealers,10.0,2009-08-05,G
13.0,86,2009-08-12,Pesca,5.0,Dealers,8.0,2009-08-12,P
9.0,87,2009-08-19,Pesca,6.0,Dealers,3.0,2009-08-19,G
13.0,88,2009-08-26,Pesca,6.0,Dealers,7.0,2009-08-26,P
33.0,89,2009-09-02,Pesca,15.0,Dealers,18.0,2009-09-02,P
11.0,90,2009-09-16,Pesca,3.0,Dealers,8.0,2009-09-16,P
9.0,91,2009-09-23,Pesca,5.0,Dealers,4.0,2009-09-23,G
7.0,92,2009-10-21,Pesca,4.0,Dealers,3.0,2009-10-21,G
21.0,93,2009-10-28,Pesca,8.0,Dealers,13.0,2009-10-28,P
21.0,94,2009-11-04,Pesca,7.0,Dealers,14.0,2009-11-04,P
8.0,95,2009-11-11,Pesca,6.0,Dealers,2.0,2009-11-11,G
9.0,96,2009-11-18,Pesca,4.0,Dealers,5.0,2009-11-18,P
14.0,97,2009-11-25,Pesca,8.0,Dealers,6.0,2009-11-25,G
21.0,98,2009-12-02,Pesca,12.0,Dealers,9.0,2009-12-02,G
8.0,99,2009-12-09,Pesca,4.0,Dealers,4.0,2009-12-09,E
10.0,100,2009-12-16,Pesca,6.0,Dealers,4.0,2009-12-16,G
26.0,101,2009-12-23,Pesca,9.0,Dealers,17.0,2009-12-23,P
21.0,102,2010-02-17,Pesca,11.0,Dealers,10.0,2010-02-17,G
18.0,103,2010-02-24,Pesca,10.0,Dealers,8.0,2010-02-24,G
10.0,104,2010-03-10,Pesca,6.0,Dealers,4.0,2010-03-10,G
15.0,105,2010-03-17,Pesca,10.0,Dealers,5.0,2010-03-17,G
13.0,106,2010-04-07,Pesca,4.0,Dealers,9.0,2010-04-07,P
24.0,107,2010-04-21,Pesca,11.0,Dealers,13.0,2010-04-21,P
15.0,108,2010-04-28,Pesca,4.0,Dealers,11.0,2010-04-28,P
11.0,109,2010-05-05,Pesca,5.0,Dealers,6.0,2010-05-05,P
19.0,110,2010-05-12,Pesca,9.0,Dealers,10.0,2010-05-12,P
17.0,111,2010-05-19,Pesca,11.0,Dealers,6.0,2010-05-19,G
13.0,112,2010-05-26,Pesca,8.0,Dealers,5.0,2010-05-26,G
19.0,113,2010-06-02,Pesca,7.0,Dealers,12.0,2010-06-02,P
9.0,114,2010-06-09,Pesca,4.0,Dealers,5.0,2010-06-09,P
15.0,115,2010-06-16,Pesca,12.0,Dealers,3.0,2010-06-16,G
14.0,116,2010-06-23,Pesca,6.0,Dealers,8.0,2010-06-23,P
23.0,117,2010-06-30,Pesca,15.0,Dealers,8.0,2010-06-30,G
23.0,118,2010-07-07,Pesca,11.0,Dealers,12.0,2010-07-07,P
15.0,119,2010-07-14,Pesca,10.0,Dealers,5.0,2010-07-14,G
22.0,120,2010-07-21,Pesca,11.0,Dealers,11.0,2010-07-21,E
27.0,121,2010-08-10,Pesca,15.0,Dealers,12.0,2010-08-10,G
23.0,122,2010-08-17,Pesca,12.0,Dealers,11.0,2010-08-17,G
29.0,123,2010-08-24,Pesca,12.0,Dealers,17.0,2010-08-24,P
25.0,124,2010-08-31,Pesca,12.0,Dealers,13.0,2010-08-31,P
20.0,125,2010-09-07,Pesca,9.0,Dealers,11.0,2010-09-07,P
23.0,126,2010-09-14,Pesca,12.0,Dealers,11.0,2010-09-14,G
15.0,127,2010-09-21,Pesca,8.0,Dealers,7.0,2010-09-21,G
25.0,128,2010-09-28,Pesca,12.0,Dealers,13.0,2010-09-28,P
21.0,129,2010-10-05,Pesca,14.0,Colados,7.0,2010-10-05,G
16.0,130,2010-10-12,Pesca,8.0,Dealers,8.0,2010-10-12,E
22.0,131,2010-10-19,Pesca,13.0,Dealers,9.0,2010-10-19,G
31.0,132,2010-10-26,Pesca,12.0,Dealers,19.0,2010-10-26,P
16.0,133,2010-11-02,Pesca,9.0,Dealers,7.0,2010-11-02,G
23.0,134,2010-11-10,Pesca,13.0,Dealers,10.0,2010-11-10,G
28.0,135,2010-11-17,Pesca,19.0,Dealers,9.0,2010-11-17,G
26.0,136,2010-11-24,Pesca,15.0,Dealers,11.0,2010-11-24,G
12.0,137,2010-12-01,Pesca,4.0,Dealers,8.0,2010-12-01,P
26.0,138,2010-12-08,Pesca,11.0,Dealers,15.0,2010-12-08,P
23.0,139,2010-12-15,Pesca,8.0,Dealers,15.0,2010-12-15,P
0.0,140,2010-12-22,NO SE JUGO POR CANCHA CERRADA,,,,2010-12-22,E
17.0,141,2011-02-18,Pesca,5.0,Dealers,12.0,2011-02-18,P
18.0,142,2011-03-03,Pesca,9.0,Dealers,9.0,2011-03-03,E
18.0,143,2011-03-10,Pesca,10.0,Dealers,8.0,2011-03-10,G
34.0,144,2011-03-17,Pesca,23.0,Dealers,11.0,2011-03-17,G
22.0,145,2011-03-24,Pesca,13.0,Dealers,9.0,2011-03-24,G
28.0,146,2011-03-31,Pesca,13.0,Dealers,15.0,2011-03-31,P
28.0,147,2011-04-07,Pesca,18.0,Dealers,10.0,2011-04-07,G
25.0,148,2011-04-14,Pesca,17.0,Dealers,8.0,2011-04-14,G
22.0,149,2011-04-21,Pesca,11.0,Dealers,11.0,2011-04-21,E
27.0,150,2011-04-27,Pesca,11.0,Dealers,16.0,2011-04-27,P
45.0,151,2011-05-04,Pesca,19.0,Dealers,26.0,2011-05-04,P
25.0,152,2011-05-11,Pesca,12.0,Dealers,13.0,2011-05-11,P
33.0,153,2011-05-18,Pesca,14.0,Dealers,19.0,2011-05-18,P
18.0,154,2011-06-01,Pesca,11.0,Dealers,7.0,2011-06-01,G
35.0,155,2011-06-08,Pesca,19.0,Dealers,16.0,2011-06-08,G
22.0,156,2011-06-15,Pesca,16.0,Dealers,6.0,2011-06-15,G
31.0,157,2011-06-22,Pesca,18.0,Dealers,13.0,2011-06-22,G
22.0,158,2011-06-29,Pesca,10.0,Dealers,12.0,2011-06-29,P
23.0,159,2011-07-06,Pesca,15.0,Dealers,8.0,2011-07-06,G
23.0,160,2011-07-13,Pesca,14.0,Dealers,9.0,2011-07-13,G
47.0,161,2011-07-20,Pesca,21.0,Dealers,26.0,2011-07-20,P
22.0,162,2011-07-27,Pesca,11.0,Dealers,11.0,2011-07-27,E
23.0,163,2011-08-03,Pesca,10.0,Dealers,13.0,2011-08-03,P
21.0,164,2011-08-10,Pesca,15.0,Dealers,6.0,2011-08-10,G
23.0,165,2011-08-17,Pesca,13.0,Dealers,10.0,2011-08-17,G
14.0,166,2011-08-24,Pesca,9.0,Dealers,5.0,2011-08-24,G
10.0,167,2011-08-31,Pesca,5.0,Dealers,5.0,2011-08-31,E
23.0,168,2011-09-07,Pesca,12.0,Dealers,11.0,2011-09-07,G
27.0,169,2011-09-14,Pesca,9.0,Dealers,18.0,2011-09-14,P
22.0,170,2011-09-22,Pesca,16.0,Dealers,6.0,2011-09-22,G
25.0,171,2011-09-29,Pesca,10.0,Dealers,15.0,2011-09-29,P
25.0,172,2011-10-06,Pesca,14.0,Dealers,11.0,2011-10-06,G
21.0,173,2011-10-13,Pesca,10.0,Dealers,11.0,2011-10-13,P
16.0,174,2011-10-20,Pesca,6.0,Dealers,10.0,2011-10-20,P
24.0,175,2011-10-27,Pesca,13.0,Dealers,11.0,2011-10-27,G
12.0,176,2011-11-03,Pesca,6.0,Dealers,6.0,2011-11-03,E
14.0,177,2011-11-10,Pesca,9.0,Dealers,5.0,2011-11-10,G
34.0,178,2011-11-17,Pesca,18.0,Dealers,16.0,2011-11-17,G
15.0,179,2011-12-01,Pesca,8.0,Dealers,7.0,2011-12-01,G
21.0,180,2011-12-08,Pesca,11.0,Dealers,10.0,2011-12-08,G
21.0,181,2011-12-15,Pesca,12.0,Dealers,9.0,2011-12-15,G
32.0,182,2011-12-21,Pesca,17.0,Dealers,15.0,2011-12-21,G
14.0,183,2012-02-08,Pesca,9.0,Dealers,5.0,2012-02-08,G
20.0,184,2012-02-16,Pesca,9.0,Dealers,11.0,2012-02-16,P
28.0,185,2012-02-23,Pesca,17.0,Dealers,11.0,2012-02-23,G
26.0,186,2012-03-01,Pesca,9.0,Dealers,17.0,2012-03-01,P
17.0,187,2012-03-08,Pesca,9.0,Dealers,8.0,2012-03-08,G
21.0,188,2012-03-15,Pesca,7.0,Dealers,14.0,2012-03-15,P
14.0,189,2012-03-22,Pesca,5.0,Dealers,9.0,2012-03-22,P
24.0,190,2012-03-29,Pesca,15.0,Dealers,9.0,2012-03-29,G
27.0,191,2012-04-11,Pesca,14.0,Dealers,13.0,2012-04-11,G
20.0,192,2012-04-18,Pesca,9.0,Dealers,11.0,2012-04-18,P
17.0,193,2012-04-25,Pesca,7.0,Dealers,10.0,2012-04-25,P
16.0,194,2012-05-02,Pesca,7.0,Dealers,9.0,2012-05-02,P
32.0,195,2012-05-09,Pesca,19.0,Dealers,13.0,2012-05-09,G
17.0,196,2012-05-16,Pesca,9.0,Dealers,8.0,2012-05-16,G
24.0,197,2012-05-23,Pesca,12.0,Dealers,12.0,2012-05-23,E
18.0,198,2012-05-30,Pesca,9.0,Dealers,9.0,2012-05-30,E
26.0,199,2012-06-06,Pesca,15.0,Dealers,11.0,2012-06-06,G
26.0,200,2012-06-13,Pesca,9.0,Dealers,17.0,2012-06-13,P
23.0,201,2012-06-20,Pesca,13.0,Dealers,10.0,2012-06-20,G
28.0,202,2012-06-27,Pesca,16.0,Dealers,12.0,2012-06-27,G
17.0,203,2012-07-04,Pesca,8.0,Dealers,9.0,2012-07-04,P
25.0,204,2012-07-11,Pesca,14.0,Dealers,11.0,2012-07-11,G
14.0,205,2012-07-18,Pesca,7.0,Dealers,7.0,2012-07-18,E
25.0,206,2012-07-25,Pesca,16.0,Dealers,9.0,2012-07-25,G
28.0,207,2012-08-01,Pesca,11.0,Dealers,17.0,2012-08-01,P
27.0,208,2012-08-08,Pesca,16.0,Dealers,11.0,2012-08-08,G
10.0,209,2012-08-15,Pesca,6.0,Dealers,4.0,2012-08-15,G
22.0,210,2012-08-22,Pesca,13.0,Dealers,9.0,2012-08-22,G
19.0,211,2012-08-29,Pesca,11.0,Dealers,8.0,2012-08-29,G
19.0,212,2012-09-05,Pesca,12.0,Dealers,7.0,2012-09-05,G
18.0,213,2012-09-12,Pesca,7.0,Dealers,11.0,2012-09-12,P
38.0,214,2012-09-19,Pesca,23.0,Dealers,15.0,2012-09-19,G
31.0,215,2012-09-26,Pesca,20.0,Dealers,11.0,2012-09-26,G
14.0,216,2012-10-03,Pesca,7.0,Dealers,7.0,2012-10-03,E
19.0,217,2012-10-10,Pesca,9.0,Dealers,10.0,2012-10-10,P
24.0,218,2012-10-17,Pesca,13.0,Dealers,11.0,2012-10-17,G
22.0,219,2012-10-24,Pesca,10.0,Dealers,12.0,2012-10-24,P
21.0,220,2012-10-31,Pesca,15.0,Dealers,6.0,2012-10-31,G
16.0,221,2012-11-07,Pesca,8.0,Dealers,8.0,2012-11-07,E
24.0,222,2012-11-14,Pesca,11.0,Dealers,13.0,2012-11-14,P
20.0,223,2012-11-21,Pesca,13.0,Dealers,7.0,2012-11-21,G
19.0,224,2012-11-28,Pesca,10.0,Dealers,9.0,2012-11-28,G
19.0,225,2012-12-05,Pesca,9.0,Dealers,10.0,2012-12-05,P
18.0,226,2012-12-12,Pesca,11.0,Dealers,7.0,2012-12-12,G
18.0,227,2012-12-19,Pesca,11.0,Dealers,7.0,2012-12-19,G
16.0,228,2012-12-26,Pesca,8.0,Dealers,8.0,2012-12-26,E
16.0,,2013-01-02,Pesca,8.0,Dealers,8.0,2013-01-02,E
37.0,,2013-01-09,Pesca,20.0,Dealers,17.0,2013-01-09,G
29.0,229,2013-02-06,Pesca,12.0,Dealers,17.0,2013-02-06,P
20.0,230,2013-02-13,Pesca,5.0,Dealers,15.0,2013-02-13,P
15.0,231,2013-02-20,Pesca,7.0,Dealers,8.0,2013-02-20,P
16.0,232,2013-02-27,Pesca,7.0,Dealers,9.0,2013-02-27,P
13.0,233,2013-03-06,Pesca,8.0,Dealers,5.0,2013-03-06,G
14.0,234,2013-03-13,Pesca,6.0,Dealers,8.0,2013-03-13,P
27.0,235,2013-03-20,Pesca,13.0,Dealers,14.0,2013-03-20,P
20.0,,2013-03-27,Pesca,6.0,Dealers,14.0,2013-03-27,P
17.0,236,2013-04-10,Pesca,11.0,Dealers,6.0,2013-04-10,G
9.0,237,2013-04-17,Pesca,4.0,Dealers,5.0,2013-04-17,P
13.0,238,2013-04-24,Pesca,5.0,Dealers,8.0,2013-04-24,P
15.0,239,2013-05-01,Pesca,7.0,Dealers,8.0,2013-05-01,P
13.0,240,2013-05-08,Pesca,6.0,Dealers,7.0,2013-05-08,P
25.0,241,2013-05-15,Pesca,12.0,Dealers,13.0,2013-05-15,P
18.0,242,2013-05-22,Pesca,9.0,Dealers,9.0,2013-05-22,E
13.0,243,2013-05-29,Pesca,8.0,Dealers,5.0,2013-05-29,G
21.0,244,2013-06-05,Pesca,12.0,Dealers,9.0,2013-06-05,G
18.0,245,2013-06-12,Pesca,9.0,Dealers,9.0,2013-06-12,E
22.0,246,2013-06-26,Pesca,12.0,Dealers,10.0,2013-06-26,G
24.0,247,2013-07-03,Pesca,15.0,Dealers,9.0,2013-07-03,G
18.0,248,2013-07-10,Pesca,6.0,Dealers,12.0,2013-07-10,P
23.0,249,2013-07-17,Pesca,11.0,Dealers,12.0,2013-07-17,P
26.0,250,2013-07-24,Pesca,12.0,Dealers,14.0,2013-07-24,P
30.0,251,2013-07-31,Pesca,17.0,Dealers,13.0,2013-07-31,G
21.0,252,2013-08-07,Pesca,12.0,Dealers,9.0,2013-08-07,G
18.0,253,2013-08-14,Pesca,10.0,Dealers,8.0,2013-08-14,G
18.0,254,2013-08-21,Pesca,12.0,Dealers,6.0,2013-08-21,G
15.0,255,2013-08-28,Pesca,4.0,Dealers,11.0,2013-08-28,P
18.0,256,2013-09-04,Pesca,11.0,Dealers,7.0,2013-09-04,G
16.0,257,2013-09-11,Pesca,7.0,Dealers,9.0,2013-09-11,P
17.0,258,2013-09-18,Pesca,7.0,Dealers,10.0,2013-09-18,P
18.0,259,2013-09-25,Pesca,7.0,Dealers,11.0,2013-09-25,P
23.0,260,2013-10-02,Pesca,12.0,Dealers,11.0,2013-10-02,G
24.0,261,2013-10-09,Pesca,14.0,Dealers,10.0,2013-10-09,G
21.0,262,2013-10-16,Pesca,12.0,Dealers,9.0,2013-10-16,G
14.0,263,2013-10-23,Pesca,10.0,Dealers,4.0,2013-10-23,G
18.0,264,2013-10-30,Pesca,8.0,Dealers,10.0,2013-10-30,P
19.0,265,2013-11-06,Pesca,11.0,Dealers,8.0,2013-11-06,G
18.0,266,2013-11-13,Pesca,8.0,Dealers,10.0,2013-11-13,P
16.0,267,2013-11-20,Pesca,9.0,Dealers,7.0,2013-11-20,G
32.0,268,2013-11-27,Pesca,19.0,Dealers,13.0,2013-11-27,G
16.0,269,2013-12-04,Pesca,8.0,Dealers,8.0,2013-12-04,E
30.0,270,2013-12-11,Pesca,16.0,Dealers,14.0,2013-12-11,G
20.0,271,2013-12-18,Pesca,8.0,Dealers,12.0,2013-12-18,P
16.0,272,2013-12-26,Pesca,9.0,Dealers,7.0,2013-12-26,G
19.0,,2014-01-02,Pesca,3.0,Dealers,16.0,2014-01-02,P
20.0,,2014-01-15,Pesca,11.0,Dealers,9.0,2014-01-15,G
25.0,,2014-01-29,Pesca,13.0,Dealers,12.0,2014-01-29,G
20.0,273,2014-02-05,Pesca,12.0,Dealers,8.0,2014-02-05,G
28.0,274,2014-02-12,Pesca,18.0,Dealers,10.0,2014-02-12,G
31.0,275,2014-02-19,Pesca,19.0,Dealers,12.0,2014-02-19,G
30.0,276,2014-02-26,Pesca,17.0,Dealers,13.0,2014-02-26,G
10.0,277,2014-03-05,Pesca,5.0,Dealers,5.0,2014-03-05,E
12.0,278,2014-03-12,Pesca,6.0,Dealers,6.0,2014-03-12,E
30.0,279,2014-03-19,Pesca,12.0,Dealers,18.0,2014-03-19,P
16.0,280,2014-03-26,Pesca,7.0,Dealers,9.0,2014-03-26,P
25.0,281,2014-04-02,Pesca,16.0,Dealers,9.0,2014-04-02,G
22.0,282,2014-04-09,Pesca,12.0,Dealers,10.0,2014-04-09,G
19.0,283,2014-04-23,Pesca,4.0,Dealers,15.0,2014-04-23,P
21.0,284,2014-04-30,Pesca,7.0,Dealers,14.0,2014-04-30,P
20.0,285,2014-05-07,Pesca,7.0,Dealers,13.0,2014-05-07,P
16.0,286,2014-05-14,Pesca,5.0,Dealers,11.0,2014-05-14,P
20.0,287,2014-05-21,Pesca,11.0,Dealers,9.0,2014-05-21,G
16.0,288,2014-05-28,Pesca,7.0,Dealers,9.0,2014-05-28,P
22.0,291,2014-06-18,Pesca,10.0,Dealers,12.0,2014-06-18,P
17.0,292,2014-06-25,Pesca,9.0,Dealers,8.0,2014-06-25,G
10.0,293,2014-07-02,Pesca,2.0,Dealers,8.0,2014-07-02,P
19.0,294,2014-07-16,Pesca,8.0,Dealers,11.0,2014-07-16,P
18.0,295,2014-07-23,Pesca,12.0,Dealers,6.0,2014-07-23,G
12.0,296,2014-07-30,Pesca,5.0,Dealers,7.0,2014-07-30,P
24.0,297,2014-08-06,Pesca,11.0,Dealers,13.0,2014-08-06,P
17.0,298,2014-08-13,Pesca,7.0,Dealers,10.0,2014-08-13,P
25.0,299,2014-08-20,Pesca,15.0,Dealers,10.0,2014-08-20,G
23.0,300,2014-08-27,Pesca,10.0,Dealers,13.0,2014-08-27,P
18.0,301,2014-09-03,Pesca,7.0,Dealers,11.0,2014-09-03,P
24.0,302,2014-09-10,Pesca,8.0,Dealers,16.0,2014-09-10,P
15.0,303,2014-09-17,Pesca,6.0,Dealers,9.0,2014-09-17,P
19.0,304,2014-09-24,Pesca,11.0,Dealers,8.0,2014-09-24,G
8.0,305,2014-10-01,Pesca,3.0,Dealers,5.0,2014-10-01,P
15.0,306,2014-10-08,Pesca,5.0,Dealers,10.0,2014-10-08,P
28.0,307,2014-10-15,Pesca,13.0,Dealers,15.0,2014-10-15,P
29.0,308,2014-10-22,Pesca,10.0,Dealers,19.0,2014-10-22,P
20.0,309,2014-10-29,Pesca,11.0,Dealers,9.0,2014-10-29,G
12.0,310,2014-11-05,Pesca,6.0,Dealers,6.0,2014-11-05,E
21.0,311,2014-11-12,Pesca,11.0,Dealers,10.0,2014-11-12,G
36.0,312,2014-11-19,Pesca,22.0,Dealers,14.0,2014-11-19,G
16.0,313,2014-11-26,Pesca,8.0,Dealers,8.0,2014-11-26,E
18.0,314,2014-12-10,Pesca,8.0,Dealers,10.0,2014-12-10,P
31.0,315,2014-12-17,Pesca,12.0,Dealers,19.0,2014-12-17,P
30.0,,2015-01-08,Pesca,16.0,Dealers,14.0,2015-01-08,G
18.0,,2015-01-15,Pesca,11.0,Dealers,7.0,2015-01-15,G
30.0,,2015-01-29,Pesca,20.0,Dealers,10.0,2015-01-29,G
14.0,316,2015-02-05,Pesca,6.0,Dealers,8.0,2015-02-05,P
27.0,317,2015-02-12,Pesca,9.0,Dealers,18.0,2015-02-12,P
18.0,318,2015-02-26,Pesca,11.0,Dealers,7.0,2015-02-26,G
15.0,319,2015-03-05,Pesca,8.0,Dealers,7.0,2015-03-05,G
13.0,320,2015-03-12,Pesca,4.0,Dealers,9.0,2015-03-12,P
27.0,321,2015-03-19,Pesca,16.0,Dealers,11.0,2015-03-19,G
22.0,322,2015-03-26,Pesca,12.0,Dealers,10.0,2015-03-26,G
24.0,323,2015-04-02,Pesca,12.0,Dealers,12.0,2015-04-02,E
19.0,324,2015-04-09,Pesca,11.0,Dealers,8.0,2015-04-09,G
33.0,325,2015-04-16,Pesca,21.0,Dealers,12.0,2015-04-16,G
18.0,326,2015-04-23,Pesca,10.0,Dealers,8.0,2015-04-23,G
14.0,327,2015-04-30,Pesca,8.0,Dealers,6.0,2015-04-30,G
22.0,328,2015-05-07,Pesca,12.0,Dealers,10.0,2015-05-07,G
22.0,329,2015-05-14,Pesca,10.0,Dealers,12.0,2015-05-14,P
20.0,330,2015-05-21,Pesca,8.0,Dealers,12.0,2015-05-21,P
30.0,331,2015-05-28,Pesca,11.0,Dealers,19.0,2015-05-28,P
18.0,333,2015-06-11,Pesca,11.0,Dealers,7.0,2015-06-11,G
27.0,334,2015-06-18,Pesca,14.0,Dealers,13.0,2015-06-18,G
22.0,335,2015-06-25,Pesca,8.0,Dealers,14.0,2015-06-25,P
31.0,336,2015-07-01,Pesca,19.0,Dealers,12.0,2015-07-01,G
15.0,337,2015-07-08,Pesca,8.0,Dealers,7.0,2015-07-08,G
27.0,338,2015-07-15,Pesca,15.0,Dealers,12.0,2015-07-15,G
16.0,339,2015-07-22,Pesca,8.0,Dealers,8.0,2015-07-22,E
31.0,340,2015-07-29,Pesca,11.0,Dealers,20.0,2015-07-29,P
17.0,341,2015-08-05,Pesca,12.0,Dealers,5.0,2015-08-05,G
14.0,342,2015-08-26,Pesca,7.0,Dealers,7.0,2015-08-26,E
21.0,343,2015-09-02,Pesca,9.0,Dealers,12.0,2015-09-02,P
27.0,344,2015-09-09,Pesca,17.0,Dealers,10.0,2015-09-09,G
14.0,345,2015-09-16,Pesca,7.0,Dealers,7.0,2015-09-16,E
18.0,346,2015-09-23,Pesca,10.0,Dealers,8.0,2015-09-23,G
20.0,347,2015-09-30,Pesca,10.0,Dealers,10.0,2015-09-30,E
22.0,348,2015-10-07,Pesca,12.0,Dealers,10.0,2015-10-07,G
25.0,349,2015-10-14,Pesca,12.0,Dealers,13.0,2015-10-14,P
16.0,350,2015-10-21,Pesca,6.0,Dealers,10.0,2015-10-21,P
16.0,351,2015-10-28,Pesca,8.0,Dealers,8.0,2015-10-28,E
22.0,352,2015-11-04,Pesca,11.0,Dealers,11.0,2015-11-04,E
31.0,353,2015-11-11,Pesca,17.0,Dealers,14.0,2015-11-11,G
22.0,354,2015-11-18,Pesca,9.0,Dealers,13.0,2015-11-18,P
24.0,355,2015-11-25,Pesca,14.0,Dealers,10.0,2015-11-25,G
25.0,356,2015-12-02,Pesca,16.0,Dealers,9.0,2015-12-02,G
23.0,357,2015-12-09,Pesca,14.0,Dealers,9.0,2015-12-09,G
27.0,358,2015-12-16,Pesca,14.0,Dealers,13.0,2015-12-16,G
23.0,359,2015-12-23,Pesca,7.0,Dealers,16.0,2015-12-23,P
30.0,360,2015-12-30,Pesca,19.0,Dealers,11.0,2015-12-30,G
26.0,,2016-01-06,Pesca,13.0,Dealers,13.0,2016-01-06,E
24.0,,2016-01-13,Pesca,13.0,Dealers,11.0,2016-01-13,G
24.0,361,2016-01-20,Pesca,12.0,Dealers,12.0,2016-01-20,E
22.0,362,2016-01-27,Pesca,18.0,Dealers,4.0,2016-01-27,G
28.0,,2016-02-03,Pesca,18.0,Dealers,10.0,2016-02-03,G
18.0,,2016-02-24,Pesca,8.0,Dealers,10.0,2016-02-24,P
14.0,,2016-03-02,Pesca,5.0,Dealers,9.0,2016-03-02,P
23.0,,2016-03-09,Pesca,13.0,Dealers,10.0,2016-03-09,G
18.0,363,2016-03-16,Pesca,11.0,Dealers,7.0,2016-03-16,G
30.0,364,2016-03-23,Pesca,14.0,Dealers,16.0,2016-03-23,P
19.0,365,2016-03-30,Pesca,8.0,Dealers,11.0,2016-03-30,P
18.0,366,2016-04-06,Pesca,10.0,Dealers,8.0,2016-04-06,G
22.0,367,2016-04-13,Pesca,12.0,Dealers,10.0,2016-04-13,G
21.0,368,2016-04-20,Pesca,13.0,Dealers,8.0,2016-04-20,G
23.0,369,2016-04-27,Pesca,10.0,Dealers,13.0,2016-04-27,P
24.0,370,2016-05-04,Pesca,12.0,Dealers,12.0,2016-05-04,E
16.0,371,2016-05-11,Pesca,9.0,Dealers,7.0,2016-05-11,G
26.0,372,2016-05-18,Pesca,14.0,Dealers,12.0,2016-05-18,G
22.0,373,2016-05-25,Pesca,8.0,Dealers,14.0,2016-05-25,P
22.0,374,2016-06-01,Pesca,10.0,Dealers,12.0,2016-06-01,P
26.0,375,2016-06-08,Pesca,13.0,Dealers,13.0,2016-06-08,E
19.0,376,2016-06-15,Pesca,11.0,Dealers,8.0,2016-06-15,G
15.0,377,2016-06-22,Pesca,7.0,Dealers,8.0,2016-06-22,P
23.0,378,2016-06-29,Pesca,14.0,Dealers,9.0,2016-06-29,G
17.0,,2016-07-06,Pesca,10.0,Dealers,7.0,2016-07-06,G
33.0,379,2016-07-13,Pesca,16.0,Dealers,17.0,2016-07-13,P
20.0,380,2016-07-20,Pesca,14.0,Dealers,6.0,2016-07-20,G
24.0,,2016-07-27,Pesca,11.0,Dealers,13.0,2016-07-27,P
24.0,,2016-08-03,Pesca,11.0,Dealers,13.0,2016-08-03,P
21.0,,2016-08-10,Pesca,9.0,Dealers,12.0,2016-08-10,P
19.0,381,2016-08-24,Pesca,11.0,Dealers,8.0,2016-08-24,G
30.0,382,2016-09-07,Pesca,14.0,Dealers,16.0,2016-09-07,P
24.0,383,2016-09-14,Pesca,15.0,Dealers,9.0,2016-09-14,G
15.0,384,2016-09-21,Pesca,12.0,Dealers,3.0,2016-09-21,G
34.0,385,2016-09-28,Pesca,23.0,Dealers,11.0,2016-09-28,G
16.0,386,2016-10-05,Pesca,12.0,Dealers,4.0,2016-10-05,G
21.0,387,2016-10-12,Pesca,10.0,Dealers,11.0,2016-10-12,P
19.0,388,2016-10-19,Pesca,6.0,Dealers,13.0,2016-10-19,P
23.0,389,2016-10-26,Pesca,13.0,Dealers,10.0,2016-10-26,G
28.0,390,2016-11-02,Pesca,9.0,Dealers,19.0,2016-11-02,P
18.0,391,2016-11-09,Pesca,5.0,Dealers,13.0,2016-11-09,P
22.0,392,2016-11-16,Pesca,8.0,Dealers,14.0,2016-11-16,P
23.0,393,2016-11-23,Pesca,14.0,Dealers,9.0,2016-11-23,G
17.0,394,2016-11-30,Pesca,11.0,Dealers,6.0,2016-11-30,G
18.0,395,2016-12-14,Pesca,8.0,Dealers,10.0,2016-12-14,P
29.0,396,2016-12-21,Pesca,11.0,Dealers,18.0,2016-12-21,P
29.0,397,2016-12-28,Pesca,15.0,Dealers,14.0,2016-12-28,G
27.0,,2017-01-04,Pesca,14.0,Dealers,13.0,2017-01-04,G
20.0,,2017-01-11,Pesca,15.0,Dealers,5.0,2017-01-11,G
30.0,,2017-02-08,Pesca,15.0,Dealers,15.0,2017-02-08,E
27.0,,2017-02-15,Pesca,15.0,Dealers,12.0,2017-02-15,G
39.0,,2017-03-01,Pesca,19.0,Dealers,20.0,2017-03-01,P
24.0,,2017-03-08,Pesca,11.0,Dealers,13.0,2017-03-08,P
25.0,,2017-03-15,Pesca,12.0,Dealers,13.0,2017-03-15,P
28.0,,2017-03-22,Pesca,16.0,Dealers,12.0,2017-03-22,G
24.0,,2017-03-29,Pesca,15.0,Dealers,9.0,2017-03-29,G
13.0,,2017-04-05,Pesca,6.0,Dealers,7.0,2017-04-05,P
17.0,,2017-04-12,Pesca,9.0,Dealers,8.0,2017-04-12,G
17.0,399,2017-04-19,Pesca,7.0,Dealers,10.0,2017-04-19,P
16.0,400,2017-04-26,Pesca,7.0,Dealers,9.0,2017-04-26,P
16.0,401,2017-05-03,Pesca,9.0,Dealers,7.0,2017-05-03,G
16.0,402,2017-05-10,Pesca,7.0,Dealers,9.0,2017-05-10,P
25.0,403,2017-05-17,Pesca,11.0,Dealers,14.0,2017-05-17,P
12.0,404,2017-05-24,Pesca,6.0,Dealers,6.0,2017-05-24,E
30.0,405,2017-05-31,Pesca,16.0,Dealers,14.0,2017-05-31,G
15.0,406,2017-06-07,Pesca,8.0,Dealers,7.0,2017-06-07,G
26.0,407,2017-06-14,Pesca,17.0,Dealers,9.0,2017-06-14,G
17.0,408,2017-06-21,Pesca,13.0,Dealers,4.0,2017-06-21,G
20.0,409,2017-06-28,Pesca,8.0,Dealers,12.0,2017-06-28,P
12.0,410,2017-07-05,Pesca,6.0,Dealers,6.0,2017-07-05,E
0.0,411,2017-07-12,NO SE JUGO POR HUMEDAD,,,,2017-07-12,E
23.0,412,2017-07-19,Pesca,16.0,Dealers,7.0,2017-07-19,G
25.0,413,2017-07-26,Pesca,14.0,Dealers,11.0,2017-07-26,G
18.0,414,2017-08-02,Pesca,10.0,Dealers,8.0,2017-08-02,G
21.0,415,2017-08-09,Pesca,11.0,Dealers,10.0,2017-08-09,G
28.0,416,2017-08-16,Pesca,10.0,Dealers,18.0,2017-08-16,P
19.0,417,2017-08-30,Pesca,10.0,Dealers,9.0,2017-08-30,G
24.0,418,2017-09-06,Pesca,7.0,Dealers,17.0,2017-09-06,P
18.0,419,2017-09-13,Pesca,9.0,Dealers,9.0,2017-09-13,E
35.0,420,2017-09-20,Pesca,18.0,Dealers,17.0,2017-09-20,G
24.0,421,2017-09-27,Pesca,13.0,Dealers,11.0,2017-09-27,G
25.0,422,2017-10-04,Pesca,11.0,Dealers,14.0,2017-10-04,P
24.0,423,2017-10-11,Pesca,13.0,Dealers,11.0,2017-10-11,G
18.0,424,2017-10-18,Pesca,9.0,Dealers,9.0,2017-10-18,E
21.0,425,2017-10-25,Pesca,14.0,Dealers,7.0,2017-10-25,G
24.0,426,2017-11-01,Pesca,11.0,Dealers,13.0,2017-11-01,P
20.0,427,2017-11-08,Pesca,12.0,Dealers,8.0,2017-11-08,G
29.0,428,2017-11-15,Pesca,11.0,Dealers,18.0,2017-11-15,P
24.0,429,2017-11-22,Pesca,12.0,Dealers,12.0,2017-11-22,E
27.0,430,2017-11-29,Pesca,12.0,Dealers,15.0,2017-11-29,P
16.0,431,2017-12-06,Pesca,7.0,Dealers,9.0,2017-12-06,P
21.0,432,2017-12-21,Pesca,9.0,Dealers,12.0,2017-12-21,P
27.0,433,2017-12-27,Pesca,17.0,Dealers,10.0,2017-12-27,G
28.0,434,2018-01-03,Pesca,18.0,Dealers,10.0,2018-01-03,G
33.0,,2018-01-10,Pesca,13.0,Dealers,20.0,2018-01-10,P
29.0,,2018-01-17,Pesca,13.0,Dealers,16.0,2018-01-17,P
16.0,,2018-01-24,Pesca,9.0,Dealers,7.0,2018-01-24,G
21.0,,2018-01-31,Pesca,12.0,Dealers,9.0,2018-01-31,G
26.0,435,2018-02-07,Pesca,15.0,Dealers,11.0,2018-02-07,G
39.0,436,2018-02-14,Pesca,19.0,Dealers,20.0,2018-02-14,P
21.0,437,2018-02-21,Pesca,13.0,Dealers,8.0,2018-02-21,G
40.0,438,2018-02-28,Pesca,16.0,Dealers,24.0,2018-02-28,P
17.0,439,2018-03-07,Pesca,6.0,Dealers,11.0,2018-03-07,P
28.0,440,2018-03-14,Pesca,14.0,Dealers,14.0,2018-03-14,E
21.0,441,2018-03-21,Pesca,10.0,Dealers,11.0,2018-03-21,P
24.0,442,2018-03-28,Pesca,11.0,Dealers,13.0,2018-03-28,P
25.0,443,2018-04-11,Pesca,12.0,Dealers,13.0,2018-04-11,P
17.0,444,2018-04-18,Pesca,9.0,Dealers,8.0,2018-04-18,G
19.0,445,2018-04-25,Pesca,8.0,Dealers,11.0,2018-04-25,P
21.0,446,2018-05-02,Pesca,9.0,Dealers,12.0,2018-05-02,P
23.0,,2018-05-09,Pesca,11.0,Dealers,12.0,2018-05-09,P
23.0,447,2018-05-16,Pesca,12.0,Dealers,11.0,2018-05-16,G
27.0,448,2018-05-23,Pesca,13.0,Dealers,14.0,2018-05-23,P
11.0,449,2018-05-30,Pesca,6.0,Dealers,5.0,2018-05-30,G
19.0,450,2018-06-13,Pesca,6.0,Dealers,13.0,2018-06-13,P
16.0,451,2018-06-27,Pesca,7.0,Dealers,9.0,2018-06-27,P
18.0,452,2018-07-04,Pesca,9.0,Dealers,9.0,2018-07-04,E
13.0,453,2018-07-11,Pesca,5.0,Dealers,8.0,2018-07-11,P
12.0,454,2018-07-25,Pesca,7.0,Dealers,5.0,2018-07-25,G
16.0,455,2018-08-01,Pesca,7.0,Dealers,9.0,2018-08-01,P
16.0,456,2018-08-08,Pesca,8.0,Dealers,8.0,2018-08-08,E
25.0,457,2018-08-15,Pesca,14.0,Dealers,11.0,2018-08-15,G
27.0,458,2018-08-22,Pesca,11.0,Dealers,16.0,2018-08-22,P
27.0,459,2018-08-29,Pesca,15.0,Dealers,12.0,2018-08-29,G
17.0,460,2018-09-05,Pesca,8.0,Dealers,9.0,2018-09-05,P
17.0,461,2018-09-12,Pesca,9.0,Dealers,8.0,2018-09-12,G
19.0,462,2018-09-19,Pesca,8.0,Dealers,11.0,2018-09-19,P
27.0,463,2018-09-26,Pesca,11.0,Dealers,16.0,2018-09-26,P
37.0,464,2018-10-03,Pesca,26.0,Dealers,11.0,2018-10-03,G
14.0,465,2018-10-10,Pesca,8.0,Dealers,6.0,2018-10-10,G
16.0,466,2018-10-17,Pesca,9.0,Dealers,7.0,2018-10-17,G
17.0,467,2018-10-24,Pesca,7.0,Dealers,10.0,2018-10-24,P
21.0,468,2018-10-31,Pesca,10.0,Dealers,11.0,2018-10-31,P
18.0,469,2018-11-07,Pesca,11.0,Dealers,7.0,2018-11-07,G
20.0,470,2018-11-14,Pesca,10.0,Dealers,10.0,2018-11-14,E
16.0,471,2018-11-21,Pesca,9.0,Dealers,7.0,2018-11-21,G
24.0,472,2018-11-28,Pesca,10.0,Dealers,14.0,2018-11-28,P
21.0,473,2018-12-05,Pesca,11.0,Dealers,10.0,2018-12-05,G
24.0,474,2018-12-12,Pesca,12.0,Dealers,12.0,2018-12-12,E
18.0,475,2018-12-26,Pesca,7.0,Dealers,11.0,2018-12-26,P
31.0,476,2019-01-02,Pesca,17.0,Dealers,14.0,2019-01-02,G
17.0,477,2019-01-09,Pesca,8.0,Dealers,9.0,2019-01-09,P
26.0,478,2019-01-16,Pesca,13.0,Dealers,13.0,2019-01-16,E
15.0,479,2019-01-23,Pesca,7.0,Dealers,8.0,2019-01-23,P
14.0,,2019-01-30,Pesca,8.0,Dealers,6.0,2019-01-30,G
22.0,480,2019-02-06,Pesca,11.0,Dealers,11.0,2019-02-06,E
20.0,481,2019-02-13,Pesca,7.0,Dealers,13.0,2019-02-13,P
30.0,482,2019-02-20,Pesca,13.0,Dealers,17.0,2019-02-20,P
17.0,483,2019-02-27,Pesca,7.0,Dealers,10.0,2019-02-27,P
20.0,484,2019-03-06,Pesca,11.0,Dealers,9.0,2019-03-06,G
21.0,485,2019-03-13,Pesca,10.0,Dealers,11.0,2019-03-13,P
13.0,486,2019-03-20,Pesca,6.0,Dealers,7.0,2019-03-20,P
27.0,487,2019-03-27,Futmiercoles,14.0,Resto,13.0,2019-03-27,G
30.0,488,2019-04-03,Pesca,14.0,Dealers,16.0,2019-04-03,P
29.0,489,2019-04-10,Pesca,16.0,Dealers,13.0,2019-04-10,G
23.0,,2019-04-17,Pesca,12.0,Dealers,11.0,2019-04-17,G
21.0,490,2019-04-24,Pesca,10.0,Dealers,11.0,2019-04-24,P
26.0,491,2019-05-08,Pesca,11.0,Dealers,15.0,2019-05-08,P
30.0,492,2019-05-15,Pesca,14.0,Dealers,16.0,2019-05-15,P
23.0,493,2019-05-22,Pesca,12.0,Dealers,11.0,2019-05-22,G
15.0,494,2019-05-29,Pesca,7.0,Dealers,8.0,2019-05-29,P
21.0,495,2019-06-05,Pesca,11.0,Dealers,10.0,2019-06-05,G
27.0,496,2019-06-12,Pesca,14.0,Dealers,13.0,2019-06-12,G
18.0,497,2019-06-26,Pesca,8.0,Dealers,10.0,2019-06-26,P
20.0,498,2019-07-10,Pesca,9.0,Dealers,11.0,2019-07-10,P
30.0,500,2019-07-17,Pesca,19.0,Dealers,11.0,2019-07-17,G
31.0,501,2019-07-31,Pesca,16.0,Dealers,15.0,2019-07-31,G
29.0,502,2019-08-07,Pesca,15.0,Dealers,14.0,2019-08-07,G
22.0,503,2019-08-14,Pesca,14.0,Dealers,8.0,2019-08-14,G
34.0,504,2019-08-21,Pesca,10.0,Dealers,24.0,2019-08-21,P
26.0,505,2019-08-28,Pesca,13.0,Dealers,13.0,2019-08-28,E
21.0,,2019-09-04,Pesca,11.0,Dealers,10.0,2019-09-04,G
18.0,506,2019-09-11,Pesca,9.0,Dealers,9.0,2019-09-11,E
22.0,507,2019-09-18,Pesca,12.0,Dealers,10.0,2019-09-18,G
11.0,,2019-09-25,Pesca,8.0,Dealers,3.0,2019-09-25,G
16.0,508,2019-10-02,Pesca,8.0,Dealers,8.0,2019-10-02,E
37.0,509,2019-10-09,Pesca,16.0,Dealers,21.0,2019-10-09,P
18.0,510,2019-10-16,Pesca,11.0,Dealers,7.0,2019-10-16,G
23.0,511,2019-10-23,Pesca,13.0,Dealers,10.0,2019-10-23,G
18.0,512,2019-11-06,Pesca,7.0,Dealers,11.0,2019-11-06,P
27.0,513,2019-11-13,Pesca,17.0,Dealers,10.0,2019-11-13,G
26.0,514,2019-11-20,Pesca,15.0,Dealers,11.0,2019-11-20,G
22.0,515,2019-11-27,Pesca,8.0,Dealers,14.0,2019-11-27,P
21.0,516,2019-12-04,Pesca,10.0,Dealers,11.0,2019-12-04,P
33.0,517,2019-12-11,Pesca,18.0,Dealers,15.0,2019-12-11,G
26.0,518,2019-12-18,Pesca,12.0,Dealers,14.0,2019-12-18,P
21.0,,2020-01-08,Pesca,9.0,Dealers,12.0,2020-01-08,P
16.0,,2020-01-15,Pesca,8.0,Dealers,8.0,2020-01-15,E
18.0,,2020-01-22,Pesca,10.0,Dealers,8.0,2020-01-22,G
29.0,,2020-01-29,Pesca,20.0,Dealers,9.0,2020-01-29,G
15.0,519,2020-02-12,Pesca,6.0,Dealers,9.0,2020-02-12,P
20.0,520,2020-02-19,Pesca,8.0,Dealers,12.0,2020-02-19,P
21.0,521,2020-02-26,Pesca,11.0,Dealers,10.0,2020-02-26,G
13.0,522,2020-03-04,Pesca,7.0,Dealers,6.0,2020-03-04,G
3.0,523,2020-11-18,Pesca,2.0,Dealers,1.0,2020-11-18,G
18.0,524,2020-11-25,Pesca,9.0,Dealers,9.0,2020-11-25,E
17.0,525,2020-12-09,Pesca,10.0,Dealers,7.0,2020-12-09,G
25.0,526,2020-12-16,Pesca,13.0,Dealers,12.0,2020-12-16,G
34.0,527,2020-12-23,Pesca,21.0,Dealers,13.0,2020-12-23,G
27.0,528,2020-12-30,Pesca,10.0,Dealers,17.0,2020-12-30,P
33.0,529,2021-01-06,Pesca,17.0,Dealers,16.0,2021-01-06,G
29.0,530,2021-01-20,Pesca,9.0,Dealers,20.0,2021-01-20,P
14.0,531,2021-01-27,Pesca,5.0,Dealers,9.0,2021-01-27,P
21.0,532,2021-02-03,Pesca,15.0,Dealers,6.0,2021-02-03,G
16.0,533,2021-02-10,Pesca,8.0,Dealers,8.0,2021-02-10,E
19.0,534,2021-02-24,Pesca,10.0,Dealers,9.0,2021-02-24,G
24.0,535,2021-03-03,Pesca,11.0,Dealers,13.0,2021-03-03,P
17.0,536,2021-03-10,Pesca,12.0,Dealers,5.0,2021-03-10,G
28.0,537,2021-03-17,Pesca,14.0,Dealers,14.0,2021-03-17,E
20.0,538,2021-03-24,Pesca,10.0,Dealers,10.0,2021-03-24,E
9.0,539,2021-03-31,Pesca,4.0,Dealers,5.0,2021-03-31,P
18.0,540,2021-04-07,Pesca,13.0,Dealers,5.0,2021-04-07,G
25.0,,2021-08-04,Pesca,8.0,Dealers,17.0,2021-08-04,P
13.0,,2021-08-11,Pesca,6.0,Dealers,7.0,2021-08-11,P
22.0,,2021-08-18,Pesca,13.0,Dealers,9.0,2021-08-18,G
20.0,541,2021-08-25,Pesca,6.0,Dealers,14.0,2021-08-25,P
15.0,,2021-09-01,Pesca,8.0,Dealers,7.0,2021-09-01,G
19.0,,2021-09-15,Pesca,6.0,Dealers,13.0,2021-09-15,P
14.0,,2021-09-22,Pesca,1.0,Dealers,13.0,2021-09-22,P
23.0,542,2021-09-29,Pesca,10.0,Dealers,13.0,2021-09-29,P
18.0,543,2021-10-06,Pesca,6.0,Dealers,12.0,2021-10-06,P
16.0,544,2021-10-13,Pesca,6.0,Dealers,10.0,2021-10-13,P
23.0,545,2021-10-20,Pesca,13.0,Dealers,10.0,2021-10-20,G
24.0,546,2021-10-27,Pesca,10.0,Dealers,14.0,2021-10-27,P
17.0,547,2021-11-03,Pesca,6.0,Dealers,11.0,2021-11-03,P
15.0,548,2021-11-10,Pesca,5.0,Dealers,10.0,2021-11-10,P
18.0,549,2021-11-17,Pesca,11.0,Dealers,7.0,2021-11-17,G
21.0,550,2021-11-24,Pesca,8.0,Dealers,13.0,2021-11-24,P
14.0,551,2021-12-01,Pesca,8.0,Dealers,6.0,2021-12-01,G
21.0,552,2021-12-15,Pesca,12.0,Dealers,9.0,2021-12-15,G
17.0,,2021-12-22,Pesca,6.0,Dealers,11.0,2021-12-22,P
21.0,553,2022-01-05,Pesca,13.0,Dealers,8.0,2022-01-05,G
24.0,,2022-01-12,Pesca,13.0,Dealers,11.0,2022-01-12,G
22.0,554,2022-01-19,Pesca,9.0,Dealers,13.0,2022-01-19,P
27.0,,2022-01-26,Pesca,14.0,Dealers,13.0,2022-01-26,G
18.0,,2022-02-02,Pesca,7.0,Dealers,11.0,2022-02-02,P
11.0,,2022-02-09,Pesca,6.0,Dealers,5.0,2022-02-09,G
20.0,555,2022-02-16,Pesca,12.0,Dealers,8.0,2022-02-16,G
22.0,556,2022-02-23,Pesca,8.0,Dealers,14.0,2022-02-23,P
14.0,557,2022-03-02,Pesca,7.0,Dealers,7.0,2022-03-02,E
18.0,558,2022-03-09,Pesca,6.0,Dealers,12.0,2022-03-09,P
26.0,559,2022-03-16,Pesca,11.0,Dealers,15.0,2022-03-16,P
10.0,560,2022-03-23,Pesca,7.0,Dealers,3.0,2022-03-23,G
13.0,561,2022-03-30,Pesca,6.0,Dealers,7.0,2022-03-30,P
18.0,562,2022-04-06,Pesca,11.0,Dealers,7.0,2022-04-06,G
27.0,563,2022-04-20,Pesca,6.0,Dealers,21.0,2022-04-20,P
21.0,564,2022-04-27,Pesca,6.0,Biólogos,15.0,2022-04-27,P
22.0,565,2022-05-04,Pesca,9.0,Biólogos,13.0,2022-05-04,P
15.0,566,2022-05-11,Pesca,9.0,Biólogos,6.0,2022-05-11,G
11.0,,2022-05-18,Pesca,6.0,Biólogos,5.0,2022-05-18,G
23.0,567,2022-05-25,Pesca,15.0,Biólogos,8.0,2022-05-25,G
15.0,568,2022-06-01,Pesca,4.0,Biólogos,11.0,2022-06-01,P
19.0,569,2022-06-15,Pesca,11.0,Biólogos,8.0,2022-06-15,G
11.0,570,2022-06-22,Pesca,5.0,Biólogos,6.0,2022-06-22,P
25.0,No hubo,2022-06-29,Pesca,13.0,Biólogos,12.0,2022-06-29,G
20.0,571,2022-07-13,Pesca,8.0,Biólogos,12.0,2022-07-13,P
18.0,572,2022-07-20,Pesca,6.0,Biólogos,12.0,2022-07-20,P
19.0,573,2022-07-27,Pesca,7.0,Biólogos,12.0,2022-07-27,P
21.0,574,2022-08-03,Pesca,6.0,Biólogos,15.0,2022-08-03,P
21.0,575,2022-08-10,Pesca,9.0,Biólogos,12.0,2022-08-10,P
20.0,576,2022-08-17,Pesca,9.0,Biólogos,11.0,2022-08-17,P
22.0,577,2022-08-24,Pesca,9.0,Biólogos,13.0,2022-08-24,P
17.0,578,2022-09-07,Pesca,10.0,Biólogos,7.0,2022-09-07,G
15.0,579,2022-09-14,Pesca,10.0,Biólogos,5.0,2022-09-14,G
31.0,580,2022-09-21,Pesca,12.0,Biólogos,19.0,2022-09-21,P
21.0,581,2022-09-28,Pesca,9.0,Biólogos,12.0,2022-09-28,P
26.0,582,2022-10-05,Pesca,14.0,Biólogos,12.0,2022-10-05,G
19.0,583,2022-10-12,Pesca,13.0,Biólogos,6.0,2022-10-12,G
14.0,584,2022-10-19,Pesca,6.0,Biólogos,8.0,2022-10-19,P
23.0,585,2022-11-02,Pesca,7.0,Biólogos,16.0,2022-11-02,P
20.0,586,2022-11-09,Pesca,8.0,Biólogos,12.0,2022-11-09,P
16.0,587,2022-11-16,Pesca,9.0,Biólogos,7.0,2022-11-16,G
19.0,,2022-11-23,Pesca,8.0,Biólogos,11.0,2022-11-23,P
13.0,,2022-11-30,Pesca,4.0,Biólogos,9.0,2022-11-30,P
25.0,588,2022-12-07,Pesca,15.0,Biólogos,10.0,2022-12-07,G
12.0,589,2022-12-14,Pesca,6.0,Biólogos,6.0,2022-12-14,E
17.0,590,2022-12-21,Pesca,8.0,Biólogos,9.0,2022-12-21,P
16.0,,2022-12-28,Pesca,10.0,Biólogos,6.0,2022-12-28,G
16.0,591,2023-01-04,Pesca,7.0,Biólogos,9.0,2023-01-04,P
11.0,592,2023-01-18,Pesca,4.0,Biólogos,7.0,2023-01-18,P
9.0,,2023-01-25,Pesca,4.0,Biólogos,5.0,2023-01-25,P
18.0,593,2023-02-01,Pesca,11.0,Biólogos,7.0,2023-02-01,G
23.0,594,2023-02-08,Pesca,9.0,Biólogos,14.0,2023-02-08,P
27.0,595,2023-02-15,Pesca,10.0,Biólogos,17.0,2023-02-15,P
33.0,No quiso escribir,2023-02-22,Pesca,8.0,Biólogos,25.0,2023-02-22,P
16.0,,2023-03-08,Pesca,10.0,Biólogos,6.0,2023-03-08,G
9.0,,2023-03-15,Pesca,5.0,Biólogos,4.0,2023-03-15,G
26.0,596,2023-03-22,Pesca,8.0,Biólogos,18.0,2023-03-22,P
19.0,597,2023-03-29,Pesca,11.0,Biólogos,8.0,2023-03-29,G
22.0,,2023-04-05,Pesca,10.0,Biólogos,12.0,2023-04-05,P
12.0,598,2023-04-12,Pesca,10.0,Biólogos,2.0,2023-04-12,G
23.0,599,2023-04-19,Pesca,13.0,Biólogos,10.0,2023-04-19,G
24.0,600,2023-04-26,Pesca,13.0,Biólogos,11.0,2023-04-26,G
23.0,601,2023-05-03,Pesca,10.0,Biólogos,13.0,2023-05-03,P
19.0,602,2023-05-10,Pesca,7.0,Biólogos,12.0,2023-05-10,P
15.0,603,2023-05-17,Pesca,10.0,Biólogos,5.0,2023-05-17,G
18.0,604,2023-05-24,Pesca,7.0,Biólogos,11.0,2023-05-24,P
26.0,605,2023-05-31,Pesca,16.0,Biólogos,10.0,2023-05-31,G
20.0,606,2023-06-07,Pesca,11.0,Biólogos,9.0,2023-06-07,G
22.0,607,2023-06-14,Pesca,10.0,Biólogos,12.0,2023-06-14,P
15.0,608,2023-06-21,Pesca,7.0,Biólogos,8.0,2023-06-21,P
16.0,,2023-06-28,Pesca,7.0,Biólogos,9.0,2023-06-28,P
11.0,,2023-07-05,Pesca,6.0,Biólogos,5.0,2023-07-05,G
15.0,609,2023-07-19,Pesca,5.0,Biólogos,10.0,2023-07-19,P
28.0,610,2023-07-26,Pesca,12.0,Biólogos,16.0,2023-07-26,P
17.0,611,2023-08-02,Pesca,9.0,Biólogos,8.0,2023-08-02,G
16.0,612,2023-08-09,Pesca,9.0,Biólogos,7.0,2023-08-09,G
17.0,613,2023-08-16,Pesca,8.0,Biólogos,9.0,2023-08-16,P
24.0,614,2023-08-23,Pesca,10.0,Biólogos,14.0,2023-08-23,P
25.0,615,2023-08-30,Pesca,11.0,Biólogos,14.0,2023-08-30,P
30.0,,2023-09-06,Pesca,16.0,Biólogos,14.0,2023-09-06,G
21.0,616,2023-09-13,Pesca,8.0,Biólogos,13.0,2023-09-13,P
16.0,617,2023-09-20,Pesca,10.0,Biólogos,6.0,2023-09-20,G
16.0,618,2023-09-27,Pesca,6.0,Biólogos,10.0,2023-09-27,P
10.0,619,2023-10-04,Pesca,4.0,Biólogos,6.0,2023-10-04,P
13.0,620,2023-10-11,Pesca,6.0,Biólogos,7.0,2023-10-11,P
24.0,621,2023-10-18,Pesca,13.0,Biólogos,11.0,2023-10-18,G
22.0,622,2023-10-25,Pesca,6.0,Biólogos,16.0,2023-10-25,P
11.0,623,2023-11-01,Pesca,8.0,Biólogos,3.0,2023-11-01,G
15.0,624,2023-11-08,Pesca,7.0,Biólogos,8.0,2023-11-08,P
16.0,625,2023-11-15,Pesca,7.0,Biólogos,9.0,2023-11-15,P
24.0,626,2023-11-22,Pesca,10.0,Biólogos,14.0,2023-11-22,P
13.0,627,2023-11-29,Pesca,6.0,Biólogos,7.0,2023-11-29,P
24.0,,2023-12-06,Pesca,10.0,Biólogos,14.0,2023-12-06,P
23.0,628,2023-12-13,Pesca,9.0,Biólogos,14.0,2023-12-13,P
20.0,629,2023-12-27,Pesca,9.0,Biólogos,11.0,2023-12-27,P
25.0,630,2024-01-03,Pesca,13.0,Biólogos,12.0,2024-01-03,G
14.0,631,2024-01-17,Pesca,5.0,Biólogos,9.0,2024-01-17,P
16.0,632,2024-01-24,Pesca,6.0,Biólogos,10.0,2024-01-24,P
17.0,633,2024-01-31,Pesca,11.0,Biólogos,6.0,2024-01-31,G
20.0,,2024-02-07,Pesca,8.0,Biólogos,12.0,2024-02-07,P
18.0,634,2024-02-14,Pesca,7.0,Biólogos,11.0,2024-02-14,P
21.0,635,2024-02-21,Pesca,9.0,Biólogos,12.0,2024-02-21,P
18.0,636,2024-02-28,Pesca,9.0,Biólogos,9.0,2024-02-28,E
19.0,637,2024-03-06,Pesca,10.0,Biólogos,9.0,2024-03-06,G
27.0,,2024-03-27,Pesca,14.0,Biólogos,13.0,2024-03-27,G
18.0,638,2024-04-03,Pesca,9.0,Biólogos,9.0,2024-04-03,E
11.0,639,2024-04-10,Pesca,6.0,Biólogos,5.0,2024-04-10,G
25.0,640,2024-04-17,Pesca,9.0,Biólogos,16.0,2024-04-17,P
15.0,641,2024-04-24,Pesca,6.0,Biólogos,9.0,2024-04-24,P
9.0,642,2024-05-08,Pesca,3.0,Biólogos,6.0,2024-05-08,P
14.0,,2024-05-15,Pesca,9.0,Biólogos,5.0,2024-05-15,G
23.0,643,2024-05-22,Pesca,7.0,Biólogos,16.0,2024-05-22,P
22.0,644,2024-05-29,Pesca,10.0,Biólogos,12.0,2024-05-29,P
17.0,,2024-06-05,Pesca,7.0,Biólogos,10.0,2024-06-05,P
27.0,645,2024-06-12,Pesca,14.0,Biólogos,13.0,2024-06-12,G
23.0,646,2024-06-19,Pesca,12.0,Biólogos,11.0,2024-06-19,G
10.0,,2024-06-26,Pesca,8.0,Biólogos,2.0,2024-06-26,G
15.0,,2024-07-03,Pesca,7.0,Biólogos,8.0,2024-07-03,P
22.0,,2024-07-10,Pesca,10.0,Biólogos,12.0,2024-07-10,P
19.0,647,2024-07-17,Pesca,8.0,Biólogos,11.0,2024-07-17,P
14.0,648,2024-07-24,Pesca,8.0,Biólogos,6.0,2024-07-24,G
14.0,649,2024-07-31,Pesca,5.0,Biólogos,9.0,2024-07-31,P
20.0,,2024-08-07,Pesca,11.0,Biólogos,9.0,2024-08-07,G
19.0,650,2024-08-14,Pesca,8.0,Biólogos,11.0,2024-08-14,P
19.0,651,2024-08-21,Pesca,10.0,Biólogos,9.0,2024-08-21,G
13.0,652,2024-09-04,Pesca,6.0,Biólogos,7.0,2024-09-04,P
15.0,,2024-09-11,Pesca,7.0,Biólogos,8.0,2024-09-11,P
22.0,,2024-09-18,Pesca,9.0,Biólogos,13.0,2024-09-18,P
14.0,653,2024-09-25,Pesca,8.0,Biólogos,6.0,2024-09-25,G
20.0,654,2024-10-09,Pesca,6.0,Biólogos,14.0,2024-10-09,P
19.0,655,2024-10-16,Pesca,8.0,Biólogos,11.0,2024-10-16,P
22.0,656,2024-10-30,Pesca,8.0,Biólogos,14.0,2024-10-30,P
17.0,657,2024-11-06,Pesca,9.0,Biólogos,8.0,2024-11-06,G
17.0,658,2024-11-13,Pesca,7.0,Biólogos,10.0,2024-11-13,P
19.0,659,2024-11-20,Pesca,8.0,Biólogos,11.0,2024-11-20,P
19.0,660,2024-11-27,Pesca,12.0,Biólogos,7.0,2024-11-27,G
14.0,,2024-12-04,Pesca,8.0,Biólogos,6.0,2024-12-04,G
31.0,660,2024-12-11,Pesca,13.0,Biólogos,18.0,2024-12-11,P
30.0,661,2024-12-18,Pesca,13.0,Biólogos,17.0,2024-12-18,P
30.0,,2024-12-26,Pesca,14.0,Biólogos,16.0,2024-12-26,P
10.0,,2025-01-02,Pesca,4.0,Biólogos,6.0,2025-01-02,P
25.0,,2025-01-08,Pesca,14.0,Biólogos,11.0,2025-01-08,G
21.0,,2025-01-22,Pesca,7.0,Biólogos,14.0,2025-01-22,P
16.0,,2025-01-29,Pesca,9.0,Biólogos,7.0,2025-01-29,G
21.0,663,2025-02-05,Pesca,8.0,Biólogos,13.0,2025-02-05,P
15.0,,2025-02-12,Pesca,8.0,Biólogos,7.0,2025-02-12,G
14.0,664,2025-02-19,Pesca,6.0,Biólogos,8.0,2025-02-19,P
22.0,,2025-02-26,Pesca,9.0,Biólogos,13.0,2025-02-26,P
20.0,,2025-03-05,Pesca,7.0,Biólogos,13.0,2025-03-05,P
17.0,,2025-03-19,Pesca,8.0,Biólogos,9.0,2025-03-19,P
23.0,,2025-03-26,Pesca,9.0,Biólogos,14.0,2025-03-26,P
19.0,,2025-04-02,Pesca,10.0,Biólogos,9.0,2025-04-02,G
13.0,,2025-04-16,Pesca,5.0,Biólogos,8.0,2025-04-16,P
11.0,,2025-04-30,DHL,7.0,Biólogos,4.0,2025-04-30,G
24.0,,2025-05-07,DHL,11.0,Biólogos,13.0,2025-05-07,P
20.0,,2025-05-14,DHL,12.0,Biólogos,8.0,2025-05-14,G
14.0,,2025-05-21,DHL,5.0,Biólogos,9.0,2025-05-21,P
31.0,,2025-05-28,DHL,17.0,Biólogos,14.0,2025-05-28,G
12.0,,2025-06-04,DHL,6.0,Biólogos,6.0,2025-06-04,E
18.0,,2025-06-11,DHL,12.0,Biólogos,6.0,2025-06-11,G
22.0,,2025-06-18,DHL,9.0,Biólogos,13.0,2025-06-18,P
29.0,,2025-06-25,DHL,12.0,Biólogos,17.0,2025-06-25,P
18.0,,2025-07-02,DHL,11.0,Biólogos,7.0,2025-07-02,G
7.0,,2025-07-09,DHL,4.0,Biólogos,3.0,2025-07-09,G
12.0,,2025-07-23,DHL,7.0,Biólogos,5.0,2025-07-23,G
21.0,,2025-07-30,DHL,15.0,Biólogos,6.0,2025-07-30,G
15.0,,2025-08-06,DHL,8.0,Biólogos,7.0,2025-08-06,G
15.0,,2025-08-13,DHL,7.0,Biólogos,8.0,2025-08-13,P
21.0,,2025-08-20,DHL,5.0,Biólogos,16.0,2025-08-20,P
10.0,,2025-08-27,DHL,4.0,Biólogos,6.0,2025-08-27,P
20.0,,2025-09-03,DHL,9.0,Biólogos,11.0,2025-09-03,P
10.0,,2025-09-10,DHL,6.0,Biólogos,4.0,2025-09-10,G
18.0,,2025-09-17,DHL,8.0,Biólogos,10.0,2025-09-17,P
12.0,,2025-09-24,DHL,5.0,Biólogos,7.0,2025-09-24,P
24.0,,2025-10-01,DHL,15.0,Biólogos,9.0,2025-10-01,G
18.0,,2025-10-08,DHL,13.0,Biólogos,5.0,2025-10-08,G
15.0,,2025-10-15,DHL,9.0,Biólogos,6.0,2025-10-15,G
14.0,,2025-10-29,DHL,11.0,Biólogos,3.0,2025-10-29,G
14.0,,2025-11-05,DHL,8.0,Biólogos,6.0,2025-11-05,G
14.0,,2025-11-12,DHL,7.0,Biólogos,7.0,2025-11-12,E
17.0,,2025-11-19,DHL,8.0,Biólogos,9.0,2025-11-19,P
14.0,,2025-11-26,DHL,7.0,Biólogos,7.0,2025-11-26,E
13.0,,2025-12-03,DHL,8.0,Biólogos,5.0,2025-12-03,G
21.0,,2025-12-10,DHL,7.0,Biólogos,14.0,2025-12-10,P
14.0,,2025-12-17,DHL,7.0,Biólogos,7.0,2025-12-17,E
18.0,,2026-01-07,DHL,14.0,Biólogos,4.0,2026-01-07,G
19.0,,2026-01-14,DHL,11.0,Biólogos,8.0,2026-01-14,G
23.0,,2026-01-21,DHL,7.0,Biólogos,16.0,2026-01-21,P
21.0,,2026-01-28,DHL,7.0,Biólogos,14.0,2026-01-28,P
18.0,,2026-02-04,DHL,10.0,Biólogos,8.0,2026-02-04,G
12.0,,2026-02-11,DHL,6.0,Biólogos,6.0,2026-02-11,E
12.0,,2026-02-18,DHL,5.0,Biólogos,7.0,2026-02-18,P
18.0,,2026-02-25,DHL,11.0,Biólogos,7.0,2026-02-25,G
11.0,,2026-03-04,DHL,4.0,Biólogos,7.0,2026-03-04,P
12.0,,2026-03-11,DHL,7.0,Biólogos,5.0,2026-03-11,G
8.0,,2026-03-18,DHL,4.0,Biólogos,4.0,2026-03-18,E
19.0,,2026-03-25,DHL,7.0,Biólogos,12.0,2026-03-25,P
11.0,,2026-04-01,DHL,6.0,Biólogos,5.0,2026-04-01,G
19.0,,2026-04-08,DHL,7.0,Biólogos,12.0,2026-04-08,P
18.0,,2026-05-06,DHL,10.0,Biólogos,8.0,2026-05-06,G
13.0,,2026-05-13,DHL,5.0,Biólogos,8.0,2026-05-13,P
13.0,,2026-05-20,DHL,9.0,Biólogos,4.0,2026-05-20,G
5.0,,2026-05-27,DHL,2.0,Biólogos,3.0,2026-05-27,P
14.0,,2026-06-03,DHL,8.0,Biólogos,6.0,2026-06-03,G
13.0,,2026-06-10,DHL,5.0,Biólogos,8.0,2026-06-10,P
14.0,,2026-06-17,DHL,8.0,Biólogos,6.0,2026-06-17,G
17.0,,2026-06-24,DHL,10.0,Biólogos,7.0,2026-06-24,G
11.0,,2026-07-01,DHL,3.0,Biólogos,8.0,2026-07-01,P
11.0,,2026-07-08,DHL,3.0,Biólogos,8.0,2026-07-08,P
,,,,3895.0,,3756.0,,G
